id;nome;descricao
1;parse Borracha Beleza;../fake-data/blob/hipster.txt
2;Algodão;../fake-data/blob/hipster.txt
3;Rua SCSI Rodovia;../fake-data/blob/hipster.txt
4;Plástico cobre optical;../fake-data/blob/hipster.txt
5;functionalities;../fake-data/blob/hipster.txt
6;4th Licenciado;../fake-data/blob/hipster.txt
7;Senior;../fake-data/blob/hipster.txt
8;Synergistic;../fake-data/blob/hipster.txt
9;Human microchip Computador;../fake-data/blob/hipster.txt
10;empowering Luvas;../fake-data/blob/hipster.txt
